<?xml version="1.0"?>
<ability>
	<reach>
		提升可操作方块的范围可以说是广受欢迎的能力之一，但在你之前曾有很多人在这方面达到了相当高的境界，但他们无一例外地发现，他们因为过度违反自然法则而被自动从这个世界中剔除了。然而，可喜可贺，你终于找到了获得这个能力的正确方式，从此你可以在%d范围中破坏或放置方块了。然而攻击生物和打开GUI仍然受到正常范围的约束。
	</reach>
	<magnet>
		很多事情都会导致物品散落一地，随之而来的，轻则枯燥乏味的清理工作，重则损失贵重物品和材料。幸运的是，你找到了一种在你周围引发魔力磁场的方法，这种磁场可以将大范围内的物品及经验球吸到你的身上。更方便的是，被吸引的物品可免疫自然环境的影响，籍此你不必担心被吸引的物品会因为岩浆等而损坏。
	</magnet>
	<sonic>
		在将大量活化的魔法元素聚集到指尖上后，你可以释放出一股能清理小范围内方块的小型冲击波。当你被埋在地下，或者你需要清理一片空地时，这技能将会相当实用。
	</sonic>
	<shift>
		你发现大量使用那些与移动和大地相关的能量可以移动大片区域中的方块－虽然一些复杂的方块会被留下来－但这依旧是纠正建筑错位和大规模塑造地形的简单方法。
	</shift>
	<pylon>
		在被水晶塔击中过无数次后，你终于找到了使自己“免于”水晶塔那过剩的能量带来的冲击的办法，此法可令那些能量流动时自动绕开你的身体。暂且先不谈这究竟是不是你被攻击次数过多的结果，这个技能绝对相当实用。
	</pylon>
	<heal>
		虽然，习得能瞬间恢复一两颗心的生命值的技能的代价十分昂贵，但在你没有食物，或者生命值特别低的时候，这将会是不可或缺的宝贵资产。
	</heal>
	<health>
		即使武装以最强大的盔甲，并以各种措施加护，你仍然发现你面对的伤害足以将你瞬间置于死地。幸运的是，你发现了一种能力，这种能力会消耗相当数量的相关能量后，将你的生命值上限提升两到三倍。
	</health>
	<communicate>
		在这个世界中你并非孤身一人，你还有很多邻居：从普普通通的动物，到试图敲诈你绿宝石的高智商生物，五花八门，应有尽有。然而，这些生物中，有那么一小撮生物对你有莫名的憎恶，它们总试图以各种方式击杀你，甚至明知会为此付出生命的代价也在所不辞。将大量魔法元素和一点和欺诈有关的魔法能量混合在一起后，你或许可以暂时消除这种敌意了。
	</communicate>
	<fireball>
		建造黑曜石框架并走入门的另一端这件事对你来说就是一个错误。你踏入的是一个充满业火与梦魇的世界，同时你随时都会被水母一样的，发出像婴儿啼哭一样声音的云彩攻击。那攻击的范围巨大，你也难以进行躲避，但你开始思考你能否也能重现一样的攻击方式。很明显你需要有关火焰和能量的魔法元素，但在加上一些其他元素(例如和侵略相关的元素)之后，你终于完美重现了发射火球的能力，同时这个能力也有巨大的潜能。同时，作为奖励——这个技能不会产生任何形式的尖叫。
	</fireball>
	<shield>
		也许你面对的最恼人－甚至比那些效仿神风特攻队的绿色炸弹还要恼人－的怪物，就是骷髅：它们拥有极长的射击范围，当聚在一起时还能立刻化身加特林机枪将你打成刺猬。然而，利用一些具有保护作用的魔法能量即可轻易制造出一层极为有用的护盾，将这些攻击反弹回去。
	</shield>
	<lightning>
		从希腊神话中的宙斯，到一个全身被包裹着闪电的恶人，驾驭闪电的能力一直都是力量的经典象征。借助从天上引出巨大闪电球，你现在可以狠狠敲打怪物或玩家，抑或引燃巨大的建筑了。另外，当电荷数量足够多时，雷电产生的冲击波甚至比自然产生的雷电还要强大，强大的可以击碎那些不幸被命中的物体。
	</lightning>
	<lifepoint>
		你开始涉猎一些黑暗艺术：以自己的生命力作为祭品，去完成一些巨大的，甚至毛骨悚然的功绩。然而，将能量与自己的生命绑定在一起会带来一些令人不快的副作用；每一次施法都直接调用你的生命力，稍有不慎抽取过多就会将你自己推向死亡的边缘。回想起可以回复生命力的%s水晶元素，你开始思考有没有可能让这些法术不再抽取你自己的生命，而是去调用水晶能量。
	</lifepoint>
	<deathproof>
		死亡的过程是痛苦的。这个痛苦不只是字面上带来的明显痛苦，还有能感受到的痛苦。惨痛的教训告诉你，虽然你的思维可以重生，但你的身体，以及你身体里的能量，却在你死后流失了。为了避免这种情况再次出现－尽管你也不知道你有没有避免死亡的能力－你决心在死的一瞬间挽回尽可能多的东西。
	</deathproof>
	<hotbar>
		你已经遇到无数次这样的情况了：正在施工时，手头充满了各种工具、方块和杂物，然后在你想临时换一个不一样的方块时，被迫小心翼翼地在背包中搜索并切换，用完后再重复一样的过程切换回去。只有为你的那堆物品绑定模板才可以降低这样蠢事的出现次数。
	</hotbar>
	<shockwave>
		经历过数不清的怪物潮的进攻后，你开始认真考虑在身处重围时避免受伤的困难程度。也许更好的策略是直接以某种方式击退它们。
	</shockwave>
	<leech>
		直接吸取敌人的生命保证了你在今后的战斗中能百战百胜。希望你不要再被指控为作弊了。
	</leech>
	<float>
		在一些特种附件的帮助下－其中尤其以弹簧靴帮助最大－你现在可以在地面上高速奔跑了。若是没有那些令人讨厌的湖泊、河流、海洋以及所有阻碍你跑步能力的地形的话那就更好了。如果你能直接跳开地面的约束的话那无疑是极好的。只需要避免遇到那些手持火把，眼睛力冒火的怪物就可以了...
	</float>
	<teleport>
		如果你遇到了一些有价值的锭，但此时背包中已没有空间将它带回去，然后你再也没有见到过它第二次时，你会...你完全不记得你遇到过多少次这样的情况，因为如果你记得有多少次的话，你肯定不会忘记你第一次见到它们的地方。不论如何，如果你能标记这些地点－甚至还能直接传送过去－定将是一个宝贵的技能。
	</teleport>
	<breadcrumb>
		洞穴...一点也不令人愉快。的确，洞穴中充满了各种资源，但因为种种原因，你迈进一个洞穴后不久，就开始绝望地花数小时寻找回去的路，多数情况下此时的你已经没有多少火把、工具或食物，或者几乎什么都没有。若能记住你的踪迹并以此找回出路，或仅仅记住入口，也许－也许会对你那缺少锻炼的方向感有帮助。
	</breadcrumb>
	<spawnersee>
		有些疯子在地下埋了一些奇怪的笼子，这笼子可以无休止地生成怪物。大概笼子一旁的战利品箱子也是这帮怪人留下的吧。若你用心聆听那深渊之笼或战利品箱中的声音的话，你或许就能隔墙判断它们的位置。
	</spawnersee>
	<rangedboost>
		在花费大量时间、资源和心血在终极范围打击武器上，并以蜗牛一样的速度为其充能后，你对这些武器不受诸如力量和抢夺的特效影响感到失望。利用一些灵气场将效果转移到这些武器上即可解决这些问题。此外这个技能还有一个加成，即自动收集掉落，这样可以避免物品掉在你能达到的范围之外。
	</rangedboost>
	<dimping>
		从水晶传送门的另一端中，你听到了很多从未提及的财宝的传说。同时你确认你已经找到了一部分。然而，这些财宝大多数都被掩藏起来了：要么深埋于地下，要么完全隐形。仅仅依靠漫无目的的碰运气肯定要花费数年才能找到；若是能对它们的位置作三角测量的话，或许可以大大缩短这一时间。
	</dimping>
	<dash>
		在你身陷怪物包围时，你挥舞着你的武器，怪物通常也应声倒下。然而，那一晚你做了一个梦：到处都是名为"Kluex"的人，最终提醒了你，将代表时间和移动的两种能量混合在一起后，你就有可能快速脱离险境，并让冲刺变成更加强大的能力。
	</dash>
	<firerain>
		有时候，精确直接的努力效率最高。有时候又需要将所有的东西都仔细拆解。在探索过巨型蜘蛛和隐形狼栖息的森林后，你最终还是在距离高塔只有一半距离时选择了屈辱地放弃。这样的情况不会再有下一次了，因为，下一次你*不会*再看到森林了。
	</firerain>
	<laser>
		从高耸入云的群峦，到坚不可摧的迷宫之石，你总是遇到被阻挡的路径。你想起一句谚语，“解决问题的最好方法往往是最简单的一个”，你忽然觉得最简单的解决方案就是直接让眼前的障碍消失。毫无疑问这个方法也会击杀周围的一切生物，然而就这点来说这技能的实用性实际上被限制了，除非你喜欢生活在一个阴燃的废墟中。然而，也许这可以用来击杀那基岩之下的恶煞...但正确的说法是"toast"。
	</laser>
	<keepinv>
		死亡引发的窘境之一就是散落一地的物品。若是你好不容易回去，却发现有个僵尸已穿好你的盔甲在那里等候多时，或者你的一半物品被附近的流水冲走了...当然如果你死在了岩浆里那就全完了。要能保住所有物品那就是真的太方便了。
	</keepinv>
	<oreclip>
		挖矿之所以烦人，是因为矿都藏在坚硬的石头里，找起来很费时。有些人发明了让矿石直接显示出位置的方法，有些人则发明出了让石头隐形的办法，但通常这帮人最终只得被迫流亡(别的服务器)。你决定做个更好的版本：将上述两种能力合二为一。你能想象到这绝非易事。
	</oreclip>
	<doublecraft>
		合成物品时的产量总是越高越好。你这样想着，最终你找到了让所有合成的产量翻番的方法。然而你还没找到如何让这神奇的力量也能用在你的数字化大发明上。
	</doublecraft>
	<growaura>
		此前你找到了对抗世界的崩坏的方法，但修复已经造成的损伤费时费力。回忆起彩虹树本身修复大地的力量，你在想你能否将相似的力量注入到你身体里。
	</growaura>
	<meinv>
		没什么比你决定造个房子，然后你因背包不够而在基地和工地来回往返15次更令人上火的了。你的确有个容量近乎无限的存储系统，但如果它罕见地工作了，它的无线访问能力——不仅代价高昂，还难用。你觉得更好的解决方案是，把你手上拿的东西和那系统里的东西合二为一。
	</meinv>
	<mobseek>
		有个生物雷达是好事，直到Creeper躲在树后面并因此导致雷达预警完全失效的那一刻。前往森林无异于将人直接丢进危险中；那么，若能看到那些隐藏在各种屏障后的怪物，并予以打击，那就再好不过了。
	</mobseek>
	<recharge>
		你为给自己充能而在水晶塔或者流明树之间奔波，但你在这上面浪费的大量时间本可以用来做更有意义的事情。要是你能自动回复这水晶能量，那生活就简单多了。
	</recharge>
	<beealyze>
		想想你花在某条养蜂生产线上的时间，以及杂交出最优品种所用的时间，然后人们半开玩笑地给予了你一个称号，但此后你就开始关注那几个扩张主义者了。的确，你大半个养蜂生涯都是花费在用那黑科技一般的方块重新设计蜜蜂们的基因，但还有大量时间浪费在了分析仪上——别忘了，你的蜂蜜滴供应正因此而无法提升，把蜜蜂们全部处理掉有时反倒更好。要是你能一眼便知蜜蜂的基因，那省下来的时间便可用来做更多有意义的事情。
	</beealyze>
	<lightcast>
		无论是一个在地下蜿蜒的洞穴、一条弯曲向前的河流、还是一个巨大的悬崖，你对这个世界的所有黑暗区域都充满着一种野兽般的倾向。 你可以使用点火器，或者你甚至可以使用一个你为了目的而创造的一个结构，但这些都不是最快速的，而且它们的范围通常是有限的。那么按照上述的字面意思，点亮这个区域就需要另外一种更加有效的方法。
	</lightcast>
	<nuker>
		你已经发现一个世界的顶部有一些零散凹陷的土丘，其中悬挂着一种名为钟乳石的矿物。这听起来似乎有利可图，但是收集上述矿石常常是困难的，因为它们是一些稀少的、分布零散的补丁状。并且将它们手工开采出来的金属盒子，自怪物以后，它们也是被证明是非常令人不愉快的事物。因此你需要一些更加有效率的东西，而一些人用突破现实能力来达到这一目标的故事，激励了你，现在这对你来说仿佛是一种灵感。
	</nuker>
	<jump>
		皮质的滑翔机固然非常漂亮 - 除非当它们自发的让滑翔失败并让你死亡的时候 - 比较可观的是，只要你在开始飞行时的最初高度足够高，它们就能工作的非常久. 但是无论你走到哪里,你总是不可能携带一堆树苗来用于种植一些高大的树, 而且你似乎永远也不会忘记给你那些平凡的飞行设备补充燃料，想到这儿也许还有另外一种方法。 希望你永远不再需要跳到三千米高的树上，以用于一次性飞过八个区块。
	</jump>
	<name>

	</name>
	<name>

	</name>
	<name>

	</name>
	<name>

	</name>
	<name>

	</name>
	<name>

	</name>
	<name>

	</name>
</ability>