﻿<?xml version="1.0"?>
<enchants>
	<weaponaoe>
		你那把用世界之基为底的合金打造出的剑非常棒，尽管你发现. 自己也因此在太过于显眼。凭借一点运气，这不再是问题。 
	</weaponaoe>
	<aggromask>
		毫无疑问的，激怒一个生物最快捷的方式就是攻击他们。这很有道理，但如果你希望以某种方式，对他们造成伤害却不拉来仇恨呢？更棒的是，你可以堂堂正正干掉一个猪人，却不会被10个猪人一拥而上。
	</aggromask>
	<enderlock>
		像弓这样的远程武器十分便利	，它们让你在安全的距离下杀死怪物。但它们对于末影人无效，因为它们会嘲讽般闪烁。是时候结束这场闹剧了。
	</enderlock>
	<userepair>
		你将你的生命 灵魂 过半的铂金以及无数的经验聚合出终极武器，但这该死的东西却只有200耐久而且你几乎不会用它。也许你可以将杀死怪物的生命值来补充耐久？
	</userepair>
	<rareloot>
		抢夺III很有用，确实。但它对于一些特别罕见的物品效果甚微，包括头，装备，以及偶尔爆出来的金属锭。这个附魔不会帮助你提高火药，绳或是烈焰棒的产量，但它能显著提高稀有物品爆率
	</rareloot>
	<fastsink>
		你想用黑色的石头建造你的基地，如深海底部的深渊方块。但你不得不花费一半的氧气槽在下沉上——这严重妨碍了你的采集。你从未想过想块石头一样沉入海底，但显然这是你正在做的事。
	</fastsink>
	<harvestlevel>
		木镐挖石头，石镐挖铁矿，铁镐挖钻石，钻石镐挖黑曜石。这个流程早已深入人心。现在你要打破它。
	</harvestlevel>
	<airminer>
		尽管你很久以前就已经实现了飞行的能力，无论是通过火箭弹还是通过其他更多的魔法手段。在飞行中你的飞行能力常常受到阻碍的事实是令你有无尽烦恼的原因。而稳定你的工具应该有助于解决这个问题。
	</airminer>
	<phasing>
		当你和你的对手都有近乎无法穿透的装甲或魔法能量护盾时，你就可以卸下你拥有的每一件武器了，因为这已经不能再划伤他们，而且战斗也变得毫无意义。你可能没有办法彻底禁用掉这种保护(也不可能完全不依靠这种保护)，但是如果你能够集中一部分伤害，那么它也许可以通过......
	</phasing>
	<boostedlevel>
		%s是你的最佳纪录, 但你并未满足于此. 有了彩能液的帮助, 你将会达到%s.
	</boostedlevel>
	<name>
		
	</name>
	<name>
		
	</name>
	<name>
		
	</name>
	<name>
		
	</name>
	<name>
		
	</name>
	<name>
		
	</name>
</enchants>