﻿<?xml version="1.0"?>
<progression>
	<crystals>
		<title>
			可触及的能量
		</title>
		<hint>
			水晶能量是一种永恒而无形的力量。然而，当这种能量聚集在一起时，它可能会拥有物理的样貌。
		</hint>
		<reveal>
			你确信你找到了水晶能量聚集为规则的玻璃状物质的地方，这些物质正不断地散发着它们的元素能量。
		</reveal>
		<desc>
			能量在地下凝聚而成的水晶，正散发着它们所代表的元素的力量。
		</desc>
	</crystals>
	<casting>
		<title>
			制造
		</title>
		<hint>
			你确信木质的工作台无法进行你所有的合成。
		</hint>
		<reveal>
			和预想中的一样，为了进行那些材料多到木头箱子都装不下的合成，你需要一种特制的魔法工作台。
		</reveal>
		<desc>
			工欲善其事，必先利其器。为了那些精细的魔法，你自然也需要一张专门的魔法桌。
		</desc>
	</casting>
	<dyetree>
		<title>
			五彩缤纷的树
		</title>
		<hint>
			这些树似乎有各种颜色；你很想知道它们是不是有什么特别之处。
		</hint>
		<reveal>
			嗯，它们似乎会掉落浆果和对应颜色的染料，所以说一定是有什么特别的作用...
		</reveal>
		<desc>
			那些看上去似乎蕴藏魔法的五颜六色的树，不仅会掉落树苗，还会掉落染料和浆果。
		</desc>
	</dyetree>
	<multiblock>
		<title>
			更复杂的合成
		</title>
		<hint>
			你脑海中更复杂的想法，恐怕不能通过区区九种物品组合而完成...
		</hint>
		<reveal>
			的确，你需要5x5的物品台方能完成任务。
		</reveal>
		<desc>
 			物品架令更复杂的合成成为可能。
 		</desc>
	</multiblock>
	<runeuse>
		<title>
			弱魔力核心
		</title>
		<hint>
			你或许暂时无法掌控水晶塔的能量，但似乎有替代品可用。
		</hint>
		<reveal>
			相比于普通的石头，这些东西的确可以让物品吸收更多的魔法能量。
		</reveal>
		<desc>
			这是驾驭水晶能量的第一步，它令你的合成更加高级。
		</desc>
	</runeuse>
	<pylon>
		<title>
			魔能信标
		</title>
		<hint>
			那些正闪烁着耀眼光芒的东西是？
		</hint>
		<reveal>
			似乎是一种魔能信标...也许做下笔记会很不错。
		</reveal>
		<desc>
			水晶能量的源泉，十分危险，却又是无价之宝。
		</desc>
	</pylon>
	<link>
		<title>
			顶级合成
		</title>
		<hint>
			现在你终于能掌控水晶塔的能量了，但又该如何使用呢？
		</hint>
		<reveal>
			将所有能量导向合成台，你便能尽情发挥你宽广的想像力来制造各种设备了。
		</reveal>
		<desc>
			让流明能量参与合成使得更强大的设备成为了可能。
		</desc>
	</link>
	<charge>
		<title>
			内部存储的能量
		</title>
		<hint>
			如果水晶塔和树可以储存能量，那或许你也可以...
		</hint>
		<reveal>
			事实上的确可以，虽然这个过程对你来说危险大于愉悦。
		</reveal>
		<desc>
			将能量全部集于一身以...做些特别的事
		</desc>
	</charge>
	<ability>
		<title>
			个人强化
		</title>
		<hint>
			你现在可以升级机器，附魔工具。你自己呢？
		</hint>
		<reveal>
			一系列新的仪式可以赋予你更强且更实用的能力。
		</reveal>
		<desc>
			各式各样的能力提供了无限的潜能。
		</desc>
	</ability>
	<rainbowleaf>
		<title>
			魔力之树
		</title>
		<hint>
			那些拥有各种颜色的树都是一种树，但这个？
		</hint>
		<reveal>
			树中存储着可以触及的原始魔法能量，不要在其华丽的外表后提及这个事情。
		</reveal>
		<desc>
			参天的七彩之树。可以预见到它所拥有的巨大魔法能量。
		</desc>
	</rainbowleaf>
	<makechroma>
		<title>
			魔法液体
		</title>
		<hint>
			一个收集器，但它收集什么，又能制造什么？
		</hint>
		<reveal>
			它可将经验转化为一种神秘的魔法液体。肯定会有用。
		</reveal>
		<desc>
			经过精炼的经验，或者说，魔法，用途未知。
		</desc>
	</makechroma>
	<shardcharge>
		<title>
			浓缩溶剂
		</title>
		<hint>
			这液体不断散发着纯净的魔法能量。你很想知道它有什么效果...
		</hint>
		<reveal>
			将浆果溶于彩能液体中后，得到的溶液可大幅提升水晶碎片的魔法性能。
		</reveal>
		<desc>
			萃集彩树之精华，以增强水晶碎片之魔法性能。
		</desc>
	</shardcharge>
	<chroma>
		<title>
			液体效果
		</title>
		<hint>
			你已证明彩能液体可以作为一种溶剂，溶解某些丢进去的物品。但还能发生什么？
		</hint>
		<reveal>
			你跳入液体中后它并没有做什么事情－尽管你感觉你的生命在一点一点恢复－但是它富集各种资源的能力太微不足道了。
		</reveal>
		<desc>
			这液体充满了魔法能量，而你现在却仅仅是看到了表面而已。
		</desc>
	</chroma>
	<alloy>
		<title>
			魔法冶金
		</title>
		<hint>
			那些普通的材料又会和液体有什么反应，如果和别的材料混在一起又会怎样？
		</hint>
		<reveal>
			彩能液体可以溶解这些材料，并将魔力注入其中。
		</reveal>
		<desc>
			浓缩彩能液体的魔力，造就全新的魔法材料。
		</desc>
	</alloy>
	<stones>
		<title>
			元素之整体
		</title>
		<hint>
			如果将所有不同元素全部整合在一起会发生什么？
		</hint>
		<reveal>
			你能感受到最终得到的宝石中各种颜色的能力。是的，这个东西将相当有用。
		</reveal>
		<desc>
			完整的水晶元素序列，集结为一体，化作一玉石。
		</desc>
	</stones>
	<shock>
		<title>
			震击伤害
		</title>
		<hint>
			魔塔看上去是友好的...是吗?
		</hint>
		<reveal>
			如果你所谓的"友好"就是直接将电弧丢到脸上的话...
		</reveal>
		<desc>
			至少是现在，还是不要去接近水晶魔塔了吧。
		</desc>
	</shock>
	<nether>
		<title>
			恶魔领域
		</title>
		<hint>
			你需要在那些结实的石头下面找到别的什么出路...
		</hint>
		<reveal>
			所以说那些黑曜石传送门将人引导向烈焰中的噩梦的故事是真实的...
		</reveal>
		<desc>
			一个满怀敌意，令人不快的世界，眼前尽是炽热熔岩、血色岩石和梦魇般的生物。
		</desc>
	</nether>
	<end>
		<title>
			外星人的领域
		</title>
		<hint>
			肯定没有比岩浆、发光的钟乳石、以及飞翔在天空中的水母更诡异的了...
		</hint>
		<reveal>
			很显然，有。
		</reveal>
		<desc>
			一个...浮游于虚空上的，被巨龙统治的诡异世界。
		</desc>
	</end>
	<twilight>
		<title>
			森林掩盖的领域
		</title>
		<hint>
			传说中有这样一片被茂密森林覆盖的土地，到处矗立着巨大的塔楼，地下尽是被掩埋的迷宫。
		</hint>
		<reveal>
			不仅这片领域真实存在，还拥有独特的生物和巨大的宝藏。
		</reveal>
		<desc>
			这是一片神秘的森林，星罗棋布着各种建筑，到处都是珍禽异兽。
		</desc>
	</twilight>
	<bedrock>
		<title>
			世界之底
		</title>
		<hint>
			是否可以挖到更深的地方？
		</hint>
		<reveal>
			也许吧，但那层石头似乎不可破坏。
		</reveal>
		<desc>
			这牢不可破的壁垒正是为那些试图挖到更深处的人准备的。
		</desc>
	</bedrock>
	<cavern>
		<title>
			水晶圣地
		</title>
		<hint>
			地下绝对埋藏着财宝。
		</hint>
		<reveal>
			那些埋藏于岩石深处，被水晶环绕的空腔里有更精密的结构。
		</reveal>
		<desc>
			一个深埋地下的房间，充满了水晶和其它宝物。
		</desc>
	</cavern>
	<burrow>
		<title>
			水晶洞穴
		</title>
		<hint>
			夜晚的大地被星星点点的光亮点缀着；有些是岩浆或火焰，但并非全部...
		</hint>
		<reveal>
			近距离观察后你找到了一个隐藏洞穴，里面藏有各种储备货物，但这是为谁准备的？
		</reveal>
		<desc>
			一个小地洞，里面有各种前期有用的资源。
		</desc>
	</burrow>
	<ocean>
		<title>
			海洋神庙
		</title>
		<hint>
			有故事说，大量奇怪的建筑现在沉没于最深的海底。
		</hint>
		<reveal>
			似乎是真实的故事呢。如果他们提到了潜在的危险...
		</reveal>
		<desc>
			一座被水淹没的巨大建筑，随着探索的深入你发现它没外表看上去那样简单。
		</desc>
	</ocean>
	<desertstruct>
		<title>
			沙质洞穴
		</title>
		<hint>
			除了那些稀有(且易爆)的金字塔，沙漠还有别的秘密吗？
		</hint>
		<reveal>
			的确有，而且它们掩藏的珍宝比其它遗迹都要多。
		</reveal>
		<desc>
			一座被掩埋的大厅，充斥着财宝以及危险。
		</desc>
	</desertstruct>
	<die>
		<title>
			痛苦的损失
		</title>
		<hint>
			你死时会失去你所有的物品；你的知识呢？
		</hint>
		<reveal>
			一样。噢好疼。
		</reveal>
		<desc>
			和你的物品一样，你的知识，你的能量也会随着你的死亡而消散。
		</desc>
	</die>
	<allcolors>
		<title>
			元素的认知
		</title>
		<hint>
			红、绿、蓝、橙，究竟有多少种？
		</hint>
		<reveal>
			你分辨出了十六种，每一种都拥有独特的颜色和徽记。
		</reveal>
		<desc>
			十六种颜色，十六种能量，每一种都有独一无二的属性。
		</desc>
	</allcolors>
	<repeater>
		<title>
			广播
		</title>
		<hint>
			除非你直接把基地造在危险的水晶魔塔附近，否则它们看上去根本没法利用，因为它们的能量能覆盖的范围太有限了。
		</hint>
		<reveal>
			这些折射器似乎可以重新聚集信号并将其传递下去。
		</reveal>
		<desc>
			改进后的流明传输方式更加有效率。
		</desc>
	</repeater>
	<rainbowforest>
		<title>
			魔法森林
		</title>
		<hint>
			你听说过一些关于一种奇特森林的笑话，大老远你就能看到这些五颜六色的树...
		</hint>
		<reveal>
			这样的森林不仅存在，而且充满着各种动物和植物，森林本身的魔法能量也让怪物敬而远之。
		</reveal>
		<desc>
			这是片魔法森林，充满了五颜六色的树，它蕴藏的魔法能量让恶魔不敢接近。
		</desc>
	</rainbowforest>
	<dimension>
		<title>
			另一个世界
		</title>
		<hint>
			你已经抵达了好几个世界，每一个都比上一个更诡异...还有下一个吗？
		</hint>
		<reveal>
			当然有下一个，但是这次...不一样了。
		</reveal>
		<desc>
			一个...奇怪，但安详而平和的世界，十六色彩能在此交汇成海。
		</desc>
	</dimension>
	<ctm>
		<title>
			重建
		</title>
		<hint>
			一片废墟。散落的碎块。
		</hint>
		<reveal>
			重建纪念碑并令其重新运转的奖励一定是丰厚的。
		</reveal>
		<desc>
			修复纪念碑遗迹，确信其奖励也一定非同寻常。
		</desc>
	</ctm>
	<storage>
		<title>
			流明存储
		</title>
		<hint>
			一些建筑需要来回移动，这样一来基于中继器的能量供应就显得力不从心了。有别的替代方案吗？
		</hint>
		<reveal>
			幸运的是，你找到了将能量存储在水晶矩阵中的方法，正好能满足这个需要。
		</reveal>
		<desc>
			将能量存储于水晶中以方便随身携带。
		</desc>
	</storage>
	<balllightning>
		<title>
			能量球
		</title>
		<hint>
			魔塔似乎会产生奇怪的能量球。
		</hint>
		<reveal>
			它们似乎并没什么用，但至少它们看上去并不危险。
		</reveal>
		<desc>
			一团看似自己动起来的能量，闪烁着耀眼的光芒。
		</desc>
	</balllightning>
	<powercrystal>
		<title>
			再充能
		</title>
		<hint>
			水晶魔塔的魔力在巨大的消耗下很快被榨尽，而且它还需要很长时间来充能。
		</hint>
		<reveal>
			那些彩虹水晶碎片组成的环帮助巨大。
		</reveal>
		<desc>
			以八块能量水晶组成的环极大地提升了水晶魔塔的恢复速度。
		</desc>
	</powercrystal>
	<killdragon>
		<title>
			天空中的捕食者
		</title>
		<hint>
			静止而空旷的天空中...有一条巨龙。
		</hint>
		<reveal>
			击杀这条巨龙并没有给你多少关于这个世界的信息。
		</reveal>
		<desc>
			与人为敌的巨龙，降伏它便可得到物质和精神上的双重奖励。
		</desc>
	</killdragon>
	<breakspawner>
		<title>
			无尽生物
		</title>
		<hint>
			那些金属笼子似乎会无穷无尽地弹出生物...
		</hint>
		<reveal>
			只有摧毁笼子才可以阻止它。
		</reveal>
		<desc>
			摧毁刷怪笼不仅可以阻挡怪兽的洪流，还能让你更好地理解它，甚至是直接拿到它的本体。
		</desc>
	</breakspawner>
	<killwither>
		<title>
			邪术梦魇
		</title>
		<hint>
			四块灵魂沙。三颗凋灵头颅。这些东西能干什么？
		</hint>
		<reveal>
			一个不死的畸形生物，然而战胜它得到的奖励特别有用。
		</reveal>
		<desc>
			梦魇般的怪物，会掉落一颗神秘但珍贵的五角星。
		</desc>
	</killwither>
	<hive>
		<title>
			水晶蜂巢
		</title>
		<hint>
			蜜蜂能生活在黑暗的地下洞穴中吗？
		</hint>
		<reveal>
			能，不仅如此，她们还会拥有附近洞穴水晶的效果。
		</reveal>
		<desc>
			在深埋地下的水晶蜂巢中，栖息着一群特别的蜜蜂。
		</desc>
	</hive>
	<killmob>
		<title>
			怪物杀手
		</title>
		<hint>
			有些生物心地邪恶，必须尽快解决。
		</hint>
		<reveal>
			更方便的是，击杀它们还会掉落有用的物品。
		</reveal>
		<desc>
			击杀各种生物，尤其是那些敌对生物，获得有用的资源。
		</desc>
	</killmob>
	<allcores>
		<title>
			次元核心
		</title>
		<hint>
			它们有各种颜色...它们是干什么的？
		</hint>
		<reveal>
			我找齐了全部十六种颜色...也许它们都是我修复纪念碑用的材料...
		</reveal>
		<desc>
			集齐十六色荧光球，为了同一个目的。
		</desc>
	</allcores>
	<turbocharge>
		<title>
			水晶塔涡轮增压
		</title>
		<hint>
			这应该可行...如果有点暴力的话。
		</hint>
		<reveal>
			比期望还要好，而且更加有价值。
		</reveal>
		<desc>
			极大地增强水晶塔的能力。
		</desc>
	</turbocharge>
	<useenergy>
		<title>
			驾驭流明
		</title>
		<hint>
			若水晶塔是能量之源，那么这是不是意味着我们可以对其加以利用？
		</hint>
		<reveal>
			是的，而且它驱动的无数设备都是极好的。
		</reveal>
		<desc>
			中继信号使得使用这种能量成为了可能。
		</desc>
	</useenergy>
	<structcomplete>
		<title>
			不寻常的结构
		</title>
		<hint>
			巨大的结构点缀着不稳定的领域。那里面有什么？
		</hint>
		<reveal>
			一个发光的核心，依照环境的不同，会带上某种水晶的颜色。有趣...
		</reveal>
		<desc>
			完成这奇怪建筑中的任务，获得对应的奖励。
		</desc>
	</structcomplete>
	<netherroof>
		<title>
			另一层
		</title>
		<hint>
			恶魔领域似乎是封顶的。真的牢不可破吗？
		</hint>
		<reveal>
			非也。更多的谜团正等待着下一个冒险家的到来。
		</reveal>
		<desc>
			穿越本不可逾越的下界之顶。
		</desc>
	</netherroof>
	<netherstruct>
		<title>
			不详的建筑
		</title>
		<hint>
			奇怪的东西点缀着下界之顶。
		</hint>
		<reveal>
			有些还能提供有价值的线索。
		</reveal>
		<desc>
			找寻下界中掩藏的秘密。
		</desc>
	</netherstruct>
	<villagecasting>
		<title>
			一次...不光彩的尝试
		</title>
		<hint>
			你真的是第一位涉足这种魔法的人吗？
		</hint>
		<reveal>
			并不，但那些先辈们的想法总还差那么一步。
		</reveal>
		<desc>
			村民们早已尝试去改变水晶能量了——显然他们的结局是个悲剧。
		</desc>
	</villagecasting>
	<anystruct>

		<title>
			被埋藏的废墟

		</title>
		<hint>
			从鹅卵石广场到古老的矿山，似乎有些人已经走在了你的前面，难道，他们没留下任何东西？

		</hint>
		<reveal>
			是的，包括他们试图学习你现在正在尝试的东西。

		</reveal>
	</anystruct>
	<focuscrystal>


		<title>
			耐火宝石

		</title>
		<hint>
			你想到了一个方法来增强你的制造结构的功率或者说是速率， 但是用什么来作折射的东西呢？

		</hint>
		<reveal>
			oh，谁会想到他们已发现了事情的关键...

		</reveal>
	</focuscrystal>
	<artefact>


		<title>
			神秘遗迹

		</title>
		<hint>
			世界各地都在徘徊着...某些东西的残余部分

		</hint>
		<reveal>
			包括在某些地区发现的特别神秘和危险的东西。

		</reveal>
	</artefact>
	<tower>


		<title>
			发光塔楼

		</title>
		<hint>
			你在世界各地找到的魔塔并不是唯一的会发光的结构

		</hint>
		<reveal>
			这些方尖碑的目的是完全未知的,但它们一定是某些事情的关键

		</reveal>
	</tower>
	<blowrepeater>


		<title>
			流明过载

		</title>
		<hint>
			这些木制流明中继器似乎工作得很好...

		</hint>
		<reveal>
			...除非它们发生爆炸

		</reveal>
	</blowrepeater>
	<chargecrystal>


		<title>
			流明存储II

		</title>
		<hint>
			存储水晶仅仅是一块漂亮的石头，因为我们没办法将能量注入进去

		</hint>
		<reveal>
			与往常一样，一个简单的问题有一个简单的，或是棘手的解决方案

		</reveal>
	</chargecrystal>
	<structcheat>
		<title>
			寻找捷径
		</title>
		<hint>
			你也许有办法来绕开你所发现的这些奇怪的结构
		</hint>
		<reveal>
			伴随着灾难性的后果. 你发现,设计这些结构的人显然比你更加机智.
		</reveal>
		<desc>
			或者...并不是这样的
		</desc>
	</structcheat>
	<voidmonster>
		<title>
			在这个世界的下方潜藏着一个....事物.
		</title>
		<hint>
			这个事物到底是什么,现在仍然是未知的.
		</hint>
		<reveal>
			现在,某一件事必须在它对你做了什么后才能被消灭.
		</reveal>
		<desc>
			死于无定形的邪恶.
		</desc>
	</voidmonster>
</progression>