﻿<?xml version="1.0"?>
<researches>
	<warpproof>
		<page1>
			你的心智开始走向迷失。在邪术怪物的梦魇中，你不得不接受这个残酷的现实：正是你的存在招致了邪恶灵气的出现，而这邪恶的灵气正是你尝试黑暗魔法的恶果；而现在你已经被这梦魇推到了悬崖边上。你试图进行最后的挣扎，以挽回自己仅存的意识 - 这时的你希望能驾驭另一种更明亮，更温和的魔法，并籍此驱散那些不断袭扰你的恶魔。然而，这最后一步却回到了当初将你拖下深渊的 - 来自炼狱的祭坛。现在你只能祈祷它可以正常工作，因为这已经是你最后的机会了...
		</page1>
	</warpproof>
	<tieredorecap>
		<page0>
			在你的追求中，两个长期存在的主题是追求更高水平的力量，以及你越来越不愿意花费你的资源来去获得这种力量。那么，对于你的魔杖来说，还有什么是比一种新的杖端材料更好的呢？它可以很大程度的降低魔杖在使用过程中成本。不同调谐的材料会产生不同的魔力折扣效果，如果你能够统一所有这些材料，那么真正特殊的材料将是可能的。
		</page0>
		<page1>
			在这一点上，你应该熟悉各种材料，以猜测哪些方面将通过哪些材料得到改进。你可能期望将这些方面的使用成本完全减半。其他方面也可能看到较小的收益，可能是减少五分之一。

		</page1>
	</tieredorecap>
	<rod_crystalwand>
		<page1>
			无论是你的物质储备，你的能量储存，你的食物供应，还是像现在一样，你的魔杖容量，永远都是不够的。你曾经设法将100或是200vis装进一根看起来非常大的白色木棒里，而现在看起来它是那么的渺小。回想一下你的水晶魔塔上的闪光和它的能量增压，你想知道你是否能找到另一种类似的应用方法。它甚至可以通过这样做来获得其他特殊的力量。此外，最坏的情况是什么？
		</page1>
	</rod_crystalwand>
</researches>
