<?xml version="1.0"?>
<enchants>
	<weaponaoe>
		你的宝剑是以一种坚不可摧的合金金属所打造的，它来自于世
		界之基，正因这样，用它打造的物品使用起来都非常的顺手。
		但即便是如此，当你发现自己置身于人群之中，即使是它也多
		少有点相形见绌。辛运的是，这将不再是一个障碍。
	</weaponaoe>
	<aggromask>
		毫无疑问的，激怒一个生物最快捷的方式就是攻击他们。这很
		有道理，但你希望，能以某种方式对它们造成伤害却可以不引
		来对方同类的仇恨。更棒的是，你可以堂堂正正干掉一个猪人
		，却不会因此被十个猪人一拥而上把你给干掉。
	</aggromask>
	<enderlock>
		像弓这样的远程武器十分便利，它们可以让你在安全距离下杀
		死怪物。但它们对于末影人却是无效的，也正因为这样你总是会
		听到有人说，末影人是怎样嘲笑你的箭术，但尴尬的是你却无
		计可施。现在，是时候该结束这场闹剧了。
	</enderlock>
	<userepair>
		你将生命、灵魂、过半的铂金以及无数的经验融合在一起，终
		于你铸造了一把终极武器，但这该死的东西居然只有200点的耐
		久，以至于你几乎不敢也不会去使用它。突然间你有了一个想
		法：也许你可以通过献祭怪物的生命来恢复一部分的耐久。
	</userepair>
	<rareloot>
		确实，抢夺III很有用。但它对于一些特别罕见的物品效果甚微
		，例如头颅、装备，以及偶尔掉落的金属锭等。这个附魔不会帮
		助你提高火药、蜘蛛丝或是烈焰棒的掉落率，但它却能显著提高
		稀有物品掉落率。
	</rareloot>
	<fastsink>
		你想用黑色的石头建造你的基地，而深海底部的深渊方块就
		是一个不错的选择。但在采集时，你不得不花费一半的氧气
		槽花费在下沉上，这明显严重妨碍了你的采集。你可能从未
		想过自己可以像块石头一样快速沉入海底，但显然这是你正
		要做的事。
	</fastsink>
	<harvestlevel>
		木镐挖石头，石镐挖铁矿，铁镐挖钻石，钻石镐挖黑曜石，你
		早已开始厌恶这个一成不变流程。现在！你将要打破它。
	</harvestlevel>
	<airminer>
		尽管你很久以前就已经实现了飞行的能力，无论是通过火箭弹
		还是通过其他更多的魔法手段。但有个事实是不容否定的：在
		飞行过程中，你的采掘能力会被大幅度削弱。而通过某种魔法
		将工具给稳定下来似乎可以解决这个问题。
	</airminer>
	<phasing>
		当你和你的对手都有近乎无法穿透的装甲或魔法能量护盾时，
		你就可以卸下你拥有的每一件武器了，因为这已经不能再划伤
		他们，同时战斗也变得毫无意义。你可能没有办法让对方彻底
		禁用掉这种保护(对于那些依赖此类保护的人来说，这也不是
		一个好方法)，但是如果你能够将伤害都集中于一点上的话...
	</phasing>
	<boostedlevel>
		%s是你的最佳纪录，但你并未满足于此。有一天，你得到了某
		种神秘魔法液体————彩能液的帮助，借此你突破了你的最佳纪
		录，并刷新至%s.
	</boostedlevel>
	<autocollect>
		你曾不止一次在一个洞穴深处探索时寻得过罕见的发现。然而
		在你开采完这些珍稀的矿石之后，你却惊讶地发现它与岩浆直
		接相连，显然一切都为时已晚——————你只好无助地看着这些东
		西被烧成灰烬。而众所周知的是：我们不可能在每次开采前都
		去清理它们周围的空间，这是非常令人厌烦的。也正因如此，
		你才想要一种东西能让你在挖掘时，将目标直接且自动进入你
		的背包里。
	</autocollect>
	<bosskill>
		在你的探险过程中，你也许会遇到一些怪物，它们通常深藏
		在神秘的遗迹中，或者守卫着某个异域。它们能够吸收大量
		的伤害，并且通常它们的伤害也十分爆炸，以致杀死它们将
		会是一件非常麻烦的事情。也许现在你可以特化一种武器，
		以用来对付它们，但这通常也是有代价的:这种武器也降低
		了打击一般怪物的能力。
	</bosskill>
	<minetime>
		在挖掘黑曜石以及一些虐待狂常拿它来雕刻迷宫的绿石时，
		效率附魔都是非常有用的，但在加速这些材料的开采时，
		你的工具对更加平凡的地形却有着异同寻常的威力。的确，
		有时你只是轻轻敲击了一下在墙上的石灰石、地狱岩、或
		者是沙石，但随后产生的坑洞就像是你曾在此处用燃着的
		TNT做过装饰一样。通过一些改进后，这种效果已经得到了
		缓解。
	</minetime>
	<name>
		
	</name>
	<name>
		
	</name>
	<name>
		
	</name>
	<name>
		
	</name>
	<name>
		
	</name>
	<name>
		
	</name>
</enchants>