<?xml version="1.0"?>
<info>
	<elements>
		你很快意识到：这世界是由十六种互不相同的魔法元素塑造
		并驱动的，每种元素都和色彩有关。
	</elements>
	<crystals>
		水晶能量在聚集到一定程度后，就会凝聚在一起并结晶，最
		终形成一种有趣的水晶结构，并不断释放着灵气。很明显这
		种水晶所带来的附加效果可以为我们所用，但除此之外，这
		些水晶储藏的魔法能量也是无价之宝。但也有人此时开始思
		考，它们又该如何面对下界那不断腐化的魔力之影响...
	</crystals>
	<structures>
		你似乎并不是第一个前去调查这魔力的来源的人。在走遍世
		界的各个角落后你找到了各种零星的遗迹－圣地、洞穴、甚
		至是神庙－而这些都是你的先辈们留下的。若你能找到他们
		留下的知识，那将对很有帮助。
	</structures>
	<pylons>
		在能量似乎是最强烈的地方，你似乎总能找到一些暗色石头
		组成的结构，缀以灵气的火花，最顶上则赫然矗立着一个不
		断释放着魔力的信标。那直接暴露在外不加过滤的信标节点
		似乎拥有着强大而不稳定的力量，而你很快便意识到，你是
		不能轻易驾驭这强大的力量的，但你怀疑它们就是你之后研
		究的关键。
	</pylons>
	<transmission>
		那不断放射着水晶能量的水晶塔，是魔法能量的源泉。自然
		地，它自己就是为什么你需要制造某种接收器来获得这能量
		的原因。但是，你又该怎么做才能跋山涉水将能量运到你需
		要的地方？
	</transmission>
	<start>
		这是一个奇怪，未知，令人困惑的世界。你完全不知道它究
		竟是怎么来的，也不知道是怎么运转的，也许你在明白这一
		切并能将这力量为己所用前还得学会些什么。幸运的是你拿
		到本笔记一样的东西，然而你还需要在不断的探险与实验中
		收集大量的信息。
	</start>
	<lexicon>
		随着你学习的不断深入，你开始逐渐接受了这个世界，与此
		同时你也需要将碎片上的信息集合在一起；然而，仅仅一个
		物品或一个独立事件带来的信息远远不够。但特别的是，虽
		然是些不完整的信息碎片，你觉得把它们拼起来后会变得更
		完整。同时，基于某种原因，潜行时浏览这本书会加快拼接
		进程。
	</lexicon>
	<crafting>
		一开始这铸件台看起来和普通木质工作台没什么区别，但你
		很快发现就它只能合成很基础的东西。不论如何，你都需要
		在它周围建造某种结构以帮助它聚焦魔法能量，从而允许更
		高级别的合成。另外，合成的朝向看上去也很重要；你希望
		这个Table会自动按照上北下南左西右东这样符合逻辑的布局
		来排列合成配方。
	</crafting>
	<crafting2>
 		自然地，合成图是上北下南的，牢记这一点就不会出差错。
		但还有个事，就是这铸件桌似乎需要利用周围的能量场来完
		成它的任务；若是在这种能量场极微弱，甚至于根本不存在
		的世界中，那么它就只能进行十分基本的合成了。要说这种
		能量场微弱或不存在的世界，典型例子便是那些没有自然生
		成水晶塔的世界。
	</crafting2>
	<balllightning>
		水晶塔和彩虹森林似乎有一些有趣的生物，它们不断地在天
		空中和地表彷徨。你很想知道它们是否有什么用途，或者它
		们是不是什么危险生物。即便它们不会直接构成威胁，你或
		许也不会希望它们掉进诸如涡轮机这样的精密机械里。
	</balllightning>
	<apirecipes>
		回想起你合成的其他东西，有些大相径庭，有些看似熟悉——
		尽管如此，你发现你完全可以用铸件台来制造他们。
	</apirecipes>
	<leylines>
		水晶塔通过聚焦在一起的光线传递能量，而你通常称呼这些
		光为Leylines(和那个没有多少理论支撑的地外生物建筑和超
		出常识的人类自燃现象相关的Ley lines名字相同，但并无任
		何关系)。这些光线有最大范围，另外可以被任何不透明方块
		阻挡。
	</leylines>
	<turbo>
		在巨大的水晶能源网络和不断增加的负载下，即便是完整的
		能量水晶环也无法保证足够多的能量流动了。再一次，你的
		思维冲破了你老旧的中继器，因为那就是水晶能源网络中最
		大的瓶颈。若你可以以某种方式同时增强水晶塔和中继器，
		那将是极好的。引发这样的事件将会激化pylon，所以将其与
		既有网络隔绝开来绝对是个好主意。
	</turbo>
	<turborepeater>
		很久以前，你还能超越你中继器的传输量，但现在这低下的
		带宽成了你网络的瓶颈。若能增强他们的话，那就太好了。
	</turborepeater>
	<dimension>
		烈焰中闪动的黑暗梦魇。被巨龙统治的异域之岛。你现在称
		之为家的这个世界显然不是仅有的存在，但其它的每一个世
		界都充满了诡异的气氛和浓浓的杀气。自然这些世界毫无疑
		问充满了各种你需要的资源，但除此之外这些世界就只剩下
		不友好的气氛和各种无用的东西了。关键肯定是在另一个世
		界上－在那个世界中，各种颜色的水晶魔力可以自然地流动，
		不再受那些腐化的力量或者别的什么力量的束缚。当然了那
		个世界也会隐藏着什么别的秘密。
	</dimension>
	<usingrunes>
		在这海量的配方中，有一些需要你在铸件台上配合符文使用。
		留有通用的符文表也许会很有用。
	</usingrunes>
	<nodenet>
		这世界上星罗棋布着很多古怪而虚无缥缈的节点，它们不断
		地释放着不同种类的魔法能量。你已成功地找到了将这能量
		注入到法杖中的方法，虽然它们同时也会自动回复魔力，但
		它自然回复得慢。你将思绪重新拉回了你为传输多种魔法能
		量所建造的大规模水晶中继网络上，于是你开始思考能否将
		两个系统合二为一...
	</nodenet>
	<selfcharge>
		你注意到一件事情：用源晶魔杖可以从某些能量源－尤其是
		水晶塔－中抽取能量到自己身上。然而，你对这个工作缺乏
		经验，因此你只能存储一小部分魔力。毫无疑问，不断地收
		集能量将会帮助你突破存储上限的壁垒。
	</selfcharge>
	<dimension2>
		在涉足这片奇特的土地后，第一个摆在你眼前的事实是：这
		是一个瞬息万变的世界。和那个著名但通常被曲解的实验中
		的猫一样，这个世界在被观察前，是以某种没有定义的状态
		存在的，也正是因为这个，它在下一次拜访后无法保持之前
		的状态。和很多其它的事情一样，这是一把双刃剑：无穷无
		尽的资源，并且会自然恢复，但在下一次返回后，上一次留
		下的痕迹都将不复存在。而且，这个世界的入口和出口非同
		寻常。
	</dimension2>
	<mystpage>
		你发现了一种通过将各种随机符号抄写进书本来创造世界的
		方法。在无尽贪婪的驱使下，你创造了天空中布满钻石矿的
		世界、海洋中充满了稀有液体的世界、以及充斥着稀有方块、
		植物和物品的世界。也许有些符号可以让水晶塔和地下的水
		晶也能存在于这种世界中。
	</mystpage>
	<enchanting>
		显然，你在设计附魔工具用的黑曜石板时并没考虑灵活性，
		因为这块黑曜石板只接受一小部分工具。的确，最近你发现
		了一些新的可附魔工具，但请别忘了那些依靠流明能量的工
		具。那么，下一步，便是尝试用彩能铸件来完成附魔过程。
	</enchanting>
	<dimension3>
		很久以前，你遇到一个人，他给你讲述了很多关于那片废弃
		的土地的故事，那是一片只有旅行家在翻过十万八千里后才
		能到达的地方。他还跟你谈到了他那荒唐的徒步旅行到那个
		地方的计划。的确荒唐可笑，但是你刚刚涉足的那片不稳定
		的土地似乎也有类似的地方(希望路途别太遥远吧)...你可以
		管这片地方叫...远陆？你一直不怎么擅长起名。
	</dimension3>
	<enchants>
		你早已知晓一种方式，将魔法注入你的工具让其散发出紫色
		的光芒，并让它有更棒的功能，对于后者你甚至可以控制所
		获功能的形式。然而你还是发现一些例外:通过%s，你可以得
		到一些以前不可获得的能力,最主要的是能够附魔那些你以前
		不能附魔的工具。
	</enchants>
	<structurepasswords>
		在最后，完成一个巨大的地下谜题之后，你为其中的任何一个
		想法感到震惊，尽管你还不知道它可能意味着什么或者什么与
		之有关。但尽管如此，从过去的错误中吸取到的教训是(你可能
		永远不会记起你曾提出的改善家用基础机械燃油效率的想法)，
		你已经把这些都写下来了，以备将来参考。
	</structurepasswords>
	<turborepeater2>
		涡轮增压中继器是很有帮助的，但对于那些真正强大的结构，
		即使是它们也开始变得捉急了起来。也许只要对水晶魔塔进
		行更加深入的升级就能改变这种窘况？......例如用更有力
		的变体替换掉一些部件。
	</turborepeater2>
	<abilities>
		强力的结构和工具是非常有用的，但它们并不是每个潜在
		需求的有效解决方案。特别是，你可能没有足够的库存空
		间来去装下这41种工具，而且在遇到紧急情况时，要找到
		一件正确的工具可能会非常的慢。此外，你还听到过这样
		一个故事：在某片土地上，使用这样的工具是被明令禁止
		的，一旦触犯，工具将会从你的手中消失。如果你可以将
		能量注入到自己的体内，并从体内储存的能量中获取能量，
		且让它们在需要时触发，那么这两个问题都将得到解决。
	</abilities>
	<dimtuning>
		这个世界已经开始有点难于把控了，这不仅是象征层面的
		意思，更是字面上的意思；到目前传送门已经有一点…反相
		位，这类似于无线电调谐与电台的有了些许偏差。这妨碍
		了你与这世界所进行的大部分正常交互：某些区域难以进
		入，同时某些形态或结构又是实在难以去使用。你清楚的
		明白你需要去调节这个...频率(refine this...tuning)，
		这样你就能够与在这个世界中的庞大结构正确的结合，然
		后去你想去的地方冒险，去得到你想要的东西。
	</dimtuning>
	<casttuning>
		随着你的铸造过程变得越来越复杂，变得涉及到更多的相
		互作用部分和复杂程序，你还会遇到越来越多如果没有用
		你体内一些方面去“烙印”铸件结构就无法制作的合成表。
		希望这将会在它铸造的事物上留下印记，从而使它们能够
		永远地与你和你的努力联系在一起。
	</casttuning>
	<multiblocks>
		在这一点上是很明显的：如果你要利用和操纵水晶能量的
		话，你将不只是需要这样一个，又或是那样一个看似非常
		简单的方块。尤其是，任何涉及到建造、操纵能量、或者
		是将一个东西注入到另一个东西的事情，似乎都需要相当
		巨大的结构。考虑到它们的尺寸和数量，以及可能对环境
		的考量，因此，将大多数或是所有这些部件(特别是任何
		与制作和水晶魔塔有关的事情)都放置在野外将会是一件
		非常明智的事。
	</multiblocks>
	<pylonlink>
		将不同颜色的水晶魔塔接入到你的网络后，你很快地明白了它
		们的能源并非是无限的；它们终会耗尽，并且需要大量的时间
		花费在充能上。以后你可能会找到一种改进的方法，但与此同
		时，你面前有六个不同颜色的水晶魔塔，你也明白如果没有与
		中继器与它们相连，这六个水晶魔塔将毫无用处，这真是令人
		感到蛋疼。然而，从一个带有类似信标光环的奇怪结构中获得
		的线索为你指明了一个新方向：连接水晶魔塔本身。如果你能
		做到这一点的话，它们将有效地成为一个与充电率匹配的巨大
		的能量缓冲区。
	</pylonlink>
</info>