<?xml version="1.0"?>
<resource>
	<shards>
		采集水晶本身不易：破坏它们只会掉落碎片，这碎片蕴含的魔力
		只是最初水晶魔力之冰山一角。尽管如此，这些碎片仍然是你最
		基本的魔法材料。
	</shards>
	<dusts>
		随着你对水晶元素的了解日渐加深，你开始留意那些旷野上散布
		的草丛。毫无疑问，那些植物里有你需要的秘密。
	</dusts>
	<groups>
		单一元素很少用于最终的魔法构筑环节;更多时候需要多个彩色
		元素和谐工作。为此你需要找到组合，融合甚至重组碎片的方法。
	</groups>
	<ores>
		随着知识的增加和对魔法的理解之加深，一部分看似平常的石头
		也揭开了它们魔法的面纱。显然，它们是重要的资源。
	</ores>
	<crystalstone>
		目前为止，你在野外发现的魔法建筑的主体都是些光滑的黑色石
		头，据此你推断这种材料可以承受魔晶能量的传递。你所有的魔
		法构筑都可能要用到这种建材。
	</crystalstone>
	<seed>
		搜寻魔晶本身就是个无聊而乏味的工作;然而你却找到了将碎片
		里仅有的魔力注入植物中方法，这植物开放的水晶之花可以满足
		你日常的碎片需求。
	</seed>
	<fragment>
		这些散落于世界各地碎片记载着宇宙的基本元素以及其应用的信
		息，有时那些太过靠近水晶魔塔的探险家也会掉落。稍后你会有
		机会发现它们的价值。潜行时右击打开圣典可以将碎片放入其中。
	</fragment>
	<berries>
		在砍伐这世界上遍布的彩树时，你在树叶掉落的树苗与苹果中偶
		然注意到了一些颜色相同的浆果。它们吃起来令人作呕，但你却
		能感受到浆果内蕴含的魔法能量，这可以是你可靠的魔力来源。
		它们也在浓缩水晶碎片魔力的过程中起着重要作用，但这个过程
		需要一些特殊的魔法溶剂。
	</berries>
	<cores>
		有些结构需要实现些特殊功能，例如改变周围地形或者打开通向
		虚空的大洞。为此，它们需要一个合适的核心。
	</cores>
	<irid>
		你已经知道了如何用彩能精华来净化碎片并将魔力注入其中。现
		在你可以将这些玩意组合成更大的结构，并最终用于能量水晶的
		制作。
	</irid>
	<augment>
		那些依靠储藏在水晶中的能量运转的结构自然是很有用的，但是
		你很想知道它们总是以最高效率工作。详细来说的话，你也许可
		以降低它们的能量消耗并提升它们的速度，如果是台采矿设备，
		还可以让产物在精密矿物流水线上获得五倍产出。
	</augment>
	<alloys>
		多种天然金属熔炼为一种后将拥有更好的性能，相似的，你开始
		怀疑能否用相似的方法改造你的铁和金，但并非为了强度，而是
		将其与魔法能量相容。显然你需要彩能液来完成这个工作。
	</alloys>
	<bees>
		在你得知可以通过蜜蜂杂交来获得稀有金属后(到底是怎么做到
		的?)，你在极度贪婪和各种风险的刺激下开始了这个工程。然而
		这蜜蜂实在是太奇怪了：它们拒绝在下雨时工作，拒绝在黑暗中
		工作，拒绝忍受微笑的温度变化，然后就蜗居在一小块地方里，
		工作速度还慢得出奇。也许你可以用外来基因改造它们。
	</bees>
	<hicores>
		你已经确定各种水晶核心都有其用途，但它们似乎还缺少...些
		什么。你可以制作它们的高能版本，但那将会是另一件工作，一
		件绝不轻松的工作。
	</hicores>
	<tinkertools>
		你已经知道如何利用一切你所知的材料制作混合成工具,提升它
		们或者修复它们，你甚至可以给他们贴上苔藓使他们自我修复，
		然而这种修复是丑陋而缓慢的。于是你尝试制作一种彩能石材料，
		希望它有着自我修复的能力，显然它没有。你做了各种尝试，也
		不能将彩能石锭里塞上手柄。在"但他可以在其他地方工作"的呼
		声让你好奇为什么会怨天尤人。你意识到用其他方式改造它们。
</tinkertools>
	<fertilityseed>
		你已经注意到，在发光悬崖的一些石头上悬挂着偶尔会掉落丛种
		子的东西。这并不令人意外至少这些种子不会让你觉得你嗅出的
		是一块沙块，并用熔岩喷射你的眼睛。但是当这些种子掉入植物
		材料，尤其是草和农作物之后，影响的将会是另一个整体。
	</fertilityseed>
	<branches>
		-尚未实现-
	</branches>
	<artefact>
		在这个世界的某些地区，你似乎很少能够找到埋藏在表面之下的
		奇怪的、星形的东西。事实证明，携带它们是一种非常危险的运
		输方式，而你将它卖给了村民，让他们也体验了一下这份艰难的
		方式。不管它是什么，不管是谁创造的，你可能不想在一个地方
		得到太多这样的东西。
	</artefact>
	<inscription>
		散布在世界各地。比水晶魔塔更加的稀少，但它们都有一个略微
		相似的地方，都是呈塔状结构。它的顶部饰有晶莹剔透的水晶，
		似乎包含着它有序结构中的信息。这一切都很好，但是你也许可
		以用水晶作为临时凿子，将设计雕刻成石头，以便....
	</inscription>
	<proxessence>
		这堆尘埃看起来似乎有着能产生某种共鸣的性质，这几乎像是
		你所认知的世界的所能给你的可以去触及的形态。人们不禁想
		问这里面的意义是什么…
	</proxessence>
	<name>
		
	</name>
	<name>
		
	</name>
	<name>
		
	</name>
	<name>
		
	</name>
	<name>
		
	</name>
	<name>
		
	</name>
	<name>
		
	</name>
	<name>
		
	</name>
	<name>
		
	</name>
</resource>
