<?xml version="1.0"?>
<hover>
	<crystals>
		这是浓缩的水晶
		能量；与它所关
		联的元素能量似
		乎正不断地泄漏，
		并影响周围的环
		境。易碎，不易
		搬运。
	</crystals>
	<pylon>
		强大的水晶能量
		释放者。稍后你
		可能需要这些东
		西。
	</pylon>
	<rune>
		符文似乎可以起
		到一个颜色对应
		的弱魔法核心的
		作用。
	</rune>
	<ore_infused>
		这石头中似乎有
		能量泄漏出来；
		它所包含的物质
		也许对你的魔法
		师生涯有帮助。
	</ore_infused>
	<ore_stones>
		在这石头中似乎
		藏有一种不同的
		岩石，闪闪发光，
		并释放着魔
		法能量。
	</ore_stones>
	<ore_binding>
		这是些变成化石
		的水晶，相互交
		融在了一起。它
		们的颜色早已
		褪去，也因此不
		存在任何能量，
		但这并不妨碍它
		们成为一种实用
		物质。
	</ore_binding>
	<ore_focal>
		这种散发着刺眼
		红色光芒的岩石
		似乎可以扮演水
		晶能量的透镜
		这一角色。
	</ore_focal>
	<ore_teleport>
		这宝石的颜色和
		末影珍珠的颜色
		的相似性绝非巧
		合。
	</ore_teleport>
	<ore_watery>
		以这种岩石研磨
		出的粉末带有水
		一样的材质和颜
		色，这似乎是
		它与液体精华相
		互交融的结果。
	</ore_watery>
	<ore_firaxite>
		Firaxite那触手
		可及的温暖，注
		定了它和热能之
		间存在着紧密
		联系。
	</ore_firaxite>
	<ore_luma>
		这石头中蕴藏的
		物质正发出耀眼
		的光芒，毫无疑
		问，这物质可以
		为lumen能量的
		传输增幅。
	</ore_luma>
	<ore_echo>
		这岩石中似乎有
		能量来回震荡；
		似乎有必要尽快
		驾驭这种能量。
	</ore_echo>
	<ore_firestone>
		毋庸置疑，这埋
		藏于下界深处的
		宝石所携带的高
		温是常人无法忍
		受的。
	</ore_firestone>
	<ore_thermite>
		这石头仅能保存
		既有的能量。也
		许，将它释放出
		来，就可以做成
		一个强大的能量
		发射器。
	</ore_thermite>
	<ore_reso>
		这不断释放脉冲
		的水晶似乎掩藏
		了扭曲空间的秘
		密。
	</ore_reso>
	<ore_spacerift>
		这种材料似乎是
		让人能按自己意
		愿空间转移的关
		键。
	</ore_spacerift>
	<ore_rainbow>
		这些难融的宝石
		镶嵌在石头上. 
		也许它们可以用
		来帮助集中水晶
		塔的能量.
	</ore_rainbow>
	<ore_avolite>
		这些水晶无时无
		刻不散发着能量
		之光. 它们应该
		能作为一种储存
		库.
	</ore_avolite>
	<plant_flower>
		缓慢生长的花，
		释放着微弱的魔
		法能量。萃取其
		精华，也许可以
		得到某种对保留
		灵气至关重要的
		物质。
	</plant_flower>
	<plant_cave>
		在黑暗中闪耀的
		神秘植物，它纯
		净的颜色背后也
		许有某种魔法精
		华。
		
	</plant_cave>
	<plant_lily>
		这片莲叶释放着
		各种颜色的魔法
		能量；它的提取
		物也许可以充当
		某种同化剂使用
	</plant_lily>
	<plant_bulb>
		这些灯笼一样的
		东西悬挂于树叶
		的最底层，充满
		了魔法粉尘，以
		及未知的特性。
	</plant_bulb>
	<plant_desert>
		这灌木丛释放着
		强大的灵气－毫
		无疑问，这便是
		你建造信标的关
		键材料。
	</plant_desert>
	<plant_pod>
		这豆荚里充满了
		闪闪发光的豆子。
		看上去它们并非
		是食物，因此它
		们必定有某些未
		知的用途
	</plant_pod>
	<plant_root>
		这根须所经过的
		每一棵树，都将
		变得更加强健而
		富有生机。你应
		该可以将这特性
		用在别的地方。
	</plant_root>
	<rainbowleaf>
		你从未见过这样
		的树。除了它七
		彩的树叶，你相
		信这棵树还有更
		多的秘密等待着
		你的发现。
	</rainbowleaf>
	<flower_enderflower>
		这花奇特的生长
		规律－完全就是
		在各个地点间跃
		迁－毫无疑问地
		成为了它的用途
		的最明显提示。
	</flower_enderflower>
	<flower_lumalily>
		这绝非巧合——这
		朵在寒冷地带发
		现的冰冷的花拥
		有将物体绑定
		在一起的能力。
	</flower_lumalily>
	<flower_resoclover>
		这株植物周围环
		绕着的能量火花
		证明了它内在的
		使用价值。
	</flower_resoclover>
	<flower_sanobloom>
		生长于高大的从
		林木树冠之上的
		浆果，若与另一
		种浆果混合，也
		许就会更加有用...
	</flower_sanobloom>
	<flower_voidreed>
		你贴近了这种奇
		特的芦苇，观察
		它周围柔和的灵
		气，但你却感
		到了一阵眩晕与
		空虚。
	</flower_voidreed>
	<flower_flowivy>
		这像杂草一样快
		速蔓延的常青藤，
		大概就是自然的
		化身吧。
	</flower_flowivy>
	<dyeleaf>
		光线的彩色树叶
		遮蔽了树干；浆
		果的影子在树梢
		上若隐若现。
	</dyeleaf>
	<dyeflower>
	
	</dyeflower>
	<dimensioncore>
		色彩鲜明，光芒
		四射的它...显
		而易见，是无价
		之宝。
	</dimensioncore>
	<hive>
		生长在地下的蜂
		巢.也因此在里面
		的蜜蜂也有些不
		同寻常，甚至更
		加珍贵。也许普
		通的捕蜂网不足
		以获得它.
	</hive>
	<dimbedrock>
		垂直向下挖掘通
		常会让你感到很
		恐惧，但这个世
		界又让你的内心
		感到丝丝平静。
		“这个世界的底
		部都有什么不同
		之处呢？” 
	</dimbedrock>

	<name>
	
	</name>
	<name>
	
	</name>
	<name>
	
	</name>
</hover>